LGA_PID,LGA_NAME,STATE_PID,ST_ABBREV,COUNT_BY_GOV_FM,COUNT_BY_GOV_OD,COUNT_BY_INTERNAL_MODEL,COUNT_BY_3RD_PARTY,COUNT_LOW_AAD,COUNT_MEDIUM_AAD,COUNT_HIGH_AAD,COUNT_LOW_FREQUENCY,COUNT_MEDIUM_FREQUENCY,COUNT_HIGH_FREQUENCY,TOTAL_AAD,RANK_AAD
NSW189,WARRINGAH COUNCIL,1,NSW,23907,0,47011,121,69381,596,941,69641,399,878,3687000,63
NSW205,HOLROYD CITY COUNCIL,1,NSW,25807,0,18849,0,44249,353,54,44366,148,142,360000,258
QLD307,WUJAL WUJAL ABORIGINAL SHIRE,3,QLD,0,0,0,0,0,0,0,0,0,0,0,497
QLD318,MAREEBA SHIRE,3,QLD,0,0,0,8377,0,0,0,0,0,0,909000,184
QLD35,CARPENTARIA SHIRE,3,QLD,0,0,0,2176,0,0,0,0,0,0,1198000,156
NSW173,BLAYNEY SHIRE COUNCIL,1,NSW,0,0,3515,0,3289,146,80,3400,115,0,290000,280
NSW174,UPPER LACHLAN SHIRE COUNCIL,1,NSW,0,0,2779,139,2689,52,38,2734,45,0,186000,318
NSW256,BLAND SHIRE COUNCIL,1,NSW,0,0,0,2943,0,0,0,0,0,0,52000,390
NSW296,MOREE PLAINS SHIRE COUNCIL,1,NSW,4789,0,44,822,1517,1089,2227,2854,1672,307,4636000,54
QLD289,ROCKHAMPTON REGIONAL,3,QLD,20935,12322,0,3350,29256,2569,1432,31338,881,1038,7177000,39
QLD301,DOOMADGEE ABORIGINAL SHIRE,3,QLD,0,0,0,229,0,0,0,0,0,0,1000,480
QLD312,WESTERN DOWNS REGIONAL,3,QLD,561,0,52,15575,50,562,1,50,563,0,7102000,40
QLD89,LOGAN CITY,3,QLD,0,0,130070,30,126247,2281,1542,127164,2107,799,6502000,45
NSW161,LITHGOW CITY COUNCIL,1,NSW,0,0,9273,0,8691,347,235,9002,271,0,726000,209
NSW235,BATHURST REGIONAL COUNCIL,1,NSW,0,0,12227,4539,11863,343,21,12205,22,0,1064000,170
NSW254,MARRICKVILLE COUNCIL,1,NSW,0,0,36610,6047,36461,147,2,36608,2,0,463000,242
NSW294,WILLOUGHBY CITY COUNCIL,1,NSW,8256,0,24250,312,32382,88,36,32452,13,41,342000,264
NSW309,KEMPSEY SHIRE COUNCIL,1,NSW,6319,0,4899,0,8749,964,1505,9572,623,1023,19066000,15
NT60,LITCHFIELD MUNICIPALITY,7,NT,0,0,0,9127,0,0,0,0,0,0,447000,243
QLD142,TOWNSVILLE CITY,3,QLD,523,0,78338,8234,75828,1813,1220,76568,1582,711,3979000,61
QLD279,GOONDIWINDI REGIONAL,3,QLD,11,0,92,4902,92,11,0,92,11,0,2386000,97
QLD9,BARCOO SHIRE,3,QLD,0,0,0,0,0,0,0,0,0,0,0,497
SA131,THE DC OF ORROROO CARRIETON,4,SA,0,0,0,766,0,0,0,0,0,0,5000,454
NSW246,KOGARAH CITY COUNCIL,1,NSW,5856,0,21082,62,26860,49,29,26878,30,30,241000,297
NSW255,URANA SHIRE COUNCIL,1,NSW,0,0,10,1071,0,2,8,0,10,0,71000,373
NSW295,FAIRFIELD CITY COUNCIL,1,NSW,32472,0,39939,0,66703,2745,2963,68363,1264,2784,15685000,21
NT61,COOMALIE SHIRE,7,NT,0,0,0,562,0,0,0,0,0,0,41000,401
NT64,UN-INCORPORATED (ELRUNDIE) AREA,7,NT,0,0,0,0,0,0,0,0,0,0,0,497
SA110,THE DC OF BARUNGA WEST,4,SA,0,0,1631,9,1607,6,18,1606,8,17,47000,396
TAS84,TASMAN COUNCIL,6,TAS,0,0,2301,86,2062,225,14,2062,225,14,161000,330
VIC128,KNOX CITY,2,VIC,0,0,65056,0,65053,2,1,65045,7,4,6000,450
VIC89,GLEN EIRA CITY,2,VIC,0,0,69970,0,69869,89,12,69850,35,85,87000,365
WA289,TOWN OF NARROGIN,5,WA,0,0,668,1974,659,9,0,659,9,0,251000,294
NSW181,RYDE CITY COUNCIL,1,NSW,8282,0,40850,1995,48984,125,23,49091,29,12,548000,231
NSW230,GRIFFITH CITY COUNCIL,1,NSW,2339,0,111,8459,1832,526,92,1733,454,263,1566000,133
NSW244,TUMBARUMBA SHIRE COUNCIL,1,NSW,0,0,1147,0,1083,18,46,1099,48,0,226000,306
NSW258,KU-RING-GAI COUNCIL,1,NSW,197,0,49353,0,49550,0,0,49550,0,0,0,497
NSW298,SUTHERLAND SHIRE COUNCIL,1,NSW,15875,0,88463,0,103501,231,606,103704,605,29,4276000,59
NT59,BELYUEN SHIRE,7,NT,0,0,0,0,0,0,0,0,0,0,0,497
SA81,CITY OF PROSPECT,4,SA,0,0,10608,0,10608,0,0,10608,0,0,0,497
SA83,CITY OF UNLEY,4,SA,0,0,2317,18077,2317,0,0,2317,0,0,1274000,144
NSW218,CENTRAL DARLING SHIRE COUNCIL,1,NSW,0,0,0,1345,0,0,0,0,0,0,177000,325
NSW232,MOSMAN MUNICIPAL COUNCIL,1,NSW,0,0,16111,6,16111,0,0,16111,0,0,0,497
NSW274,ARMIDALE DUMARESQ COUNCIL,1,NSW,0,0,5476,5866,5476,0,0,5476,0,0,303000,274
NSW288,WINGECARRIBEE SHIRE COUNCIL,1,NSW,0,0,20929,0,20565,206,158,20747,182,0,754000,204
NT70,WAGAIT SHIRE,7,NT,0,0,0,427,0,0,0,0,0,0,0,497
QLD274,CENTRAL HIGHLANDS REGIONAL,3,QLD,1885,0,2,11371,0,0,1887,0,1887,0,4529000,56
QLD303,NAPRANUM ABORIGINAL SHIRE,3,QLD,0,0,0,0,0,0,0,0,0,0,0,497
QLD309,PORMPURAAW ABORIGINAL SHIRE,3,QLD,0,0,0,256,0,0,0,0,0,0,0,497
QLD316,DOUGLAS SHIRE,3,QLD,0,0,0,8798,0,0,0,0,0,0,188000,316
SA77,CITY OF MOUNT GAMBIER,4,SA,0,0,14653,0,14167,188,298,14237,193,223,2811000,82
NSW277,HAWKESBURY CITY COUNCIL,1,NSW,16870,0,2053,0,7214,7700,4009,15770,2647,506,25176000,8
QLD59,FLINDERS SHIRE,3,QLD,0,0,0,1870,0,0,0,0,0,0,35000,409
SA101,CITY OF TEA TREE GULLY,4,SA,0,0,46870,0,46772,70,28,46775,61,34,82000,367
SA143,MOUNT BARKER DISTRICT COUNCIL,4,SA,0,0,323,12837,323,0,0,323,0,0,102000,358
VIC164,INDIGO SHIRE,2,VIC,188,0,5305,0,5181,301,11,5238,255,0,239000,299
WA368,TOWN OF CLAREMONT,5,WA,0,2996,2484,0,5477,3,0,5478,2,0,4000,456
WA386,SHIRE OF NORTHAM,5,WA,0,4020,1597,0,4818,574,225,5469,116,32,832000,193
NSW179,DUBBO CITY COUNCIL,1,NSW,2579,0,16311,0,17622,927,341,18493,392,5,820000,194
NSW200,COUNCIL OF THE CITY OF SYDNEY,1,NSW,0,0,117698,114,117632,66,0,117698,0,0,4000,456
NSW300,COOTAMUNDRA SHIRE COUNCIL,1,NSW,0,0,3628,0,2085,1002,541,2691,937,0,1444000,136
NSW302,BREWARRINA SHIRE COUNCIL,1,NSW,0,0,0,790,0,0,0,0,0,0,123000,349
QLD306,PALM ISLAND ABORIGINAL SHIRE,3,QLD,0,0,0,0,0,0,0,0,0,0,0,497
SA122,THE FLINDERS RANGES COUNCIL,4,SA,0,0,0,1924,0,0,0,0,0,0,156000,335
SA136,THE BERRI BARMERA COUNCIL,4,SA,4150,0,0,0,4075,74,1,4075,75,0,49000,394
SA95,SOUTHERN MALLEE DC,4,SA,0,0,0,1229,0,0,0,0,0,0,0,497
TAS90,HOBART CITY COUNCIL,6,TAS,0,0,29594,0,29538,25,31,29537,12,45,730000,208
WA306,SHIRE OF QUAIRADING,5,WA,0,0,578,0,578,0,0,578,0,0,0,497
WA308,CITY OF ROCKINGHAM,5,WA,0,11302,45599,0,56252,416,233,56202,237,462,1672000,128
WA327,SHIRE OF WONGAN-BALLIDU,5,WA,0,0,924,19,923,0,1,923,0,1,3000,463
WA336,SHIRE OF PINGELLY,5,WA,0,0,766,1,766,0,0,766,0,0,0,497
NSW162,COOMA-MONARO COUNCIL,1,NSW,0,0,4511,0,3986,252,273,4230,281,0,964000,178
NSW177,LANE COVE MUNICIPAL COUNCIL,1,NSW,0,0,16748,2357,16734,14,0,16748,0,0,12000,437
NSW196,STRATHFIELD MUNICIPAL COUNCIL,1,NSW,0,0,16449,556,16219,199,31,16415,34,0,322000,269
NSW241,SINGLETON SHIRE COUNCIL,1,NSW,6511,0,1859,0,5418,1570,1382,6501,1620,249,4268000,60
NSW249,WOLLONDILLY SHIRE COUNCIL,1,NSW,1093,0,11421,0,12217,262,35,12445,52,17,299000,276
NT75,WEST ARNHEM SHIRE,7,NT,0,0,0,779,0,0,0,0,0,0,1000,480
QLD285,MORETON BAY REGIONAL,3,QLD,190497,0,0,0,182373,5182,2942,182004,1917,6576,17136000,18
SA113,THE DC OF CLEVE,4,SA,0,0,0,940,0,0,0,0,0,0,1000,480
SA114,THE DC OF COOBER PEDY,4,SA,0,0,0,2156,0,0,0,0,0,0,0,497
SA116,THE DC OF FRANKLIN HARBOUR,4,SA,0,0,0,984,0,0,0,0,0,0,5000,454
SA86,COORONG DC,4,SA,0,0,391,2209,199,157,35,320,56,15,235000,301
SA94,THE DC OF PETERBOROUGH,4,SA,0,0,0,1243,0,0,0,0,0,0,0,497
NSW210,WARRUMBUNGLE SHIRE COUNCIL,1,NSW,0,0,4665,0,3563,476,626,3977,688,0,2484000,91
NSW223,GLOUCESTER SHIRE COUNCIL,1,NSW,0,0,1862,0,1839,13,10,1852,10,0,40000,403
NSW234,THE COUNCIL OF THE SHIRE OF HORNSBY,1,NSW,708,0,64886,790,65228,218,148,65433,73,88,1040000,172
NSW263,SNOWY RIVER SHIRE COUNCIL,1,NSW,0,0,5081,0,4851,154,76,4943,138,0,371000,256
NSW275,LIVERPOOL CITY COUNCIL,1,NSW,48024,0,26961,0,67045,5305,2635,71333,2290,1362,10948000,27
NSW280,CESSNOCK CITY COUNCIL,1,NSW,7107,0,15625,0,20572,1558,602,21912,762,58,2592000,87
NSW292,WELLINGTON COUNCIL,1,NSW,0,0,969,2797,896,60,13,949,20,0,649000,218
NSW310,WOLLONGONG CITY COUNCIL,1,NSW,55215,0,37625,12,84987,3781,4072,85494,2382,4964,27888000,6
NSW312,SHOALHAVEN CITY COUNCIL,1,NSW,22565,0,33960,49,51394,2673,2458,53005,1721,1799,16449000,19
NT57,BARKLY SHIRE,7,NT,0,0,0,2289,0,0,0,0,0,0,6000,450
NSW167,MUSWELLBROOK SHIRE COUNCIL,1,NSW,2398,0,4642,0,5470,237,1333,6973,48,19,2512000,89
NSW190,DENILIQUIN COUNCIL,1,NSW,4485,0,0,7,1257,2689,539,4268,183,34,1924000,111
NSW195,GUYRA SHIRE COUNCIL,1,NSW,0,0,1529,0,1436,63,30,1499,30,0,121000,350
NSW213,NORTH SYDNEY COUNCIL,1,NSW,0,0,49715,74,49707,7,1,49714,1,0,15000,431
NSW238,CONARGO SHIRE COUNCIL,1,NSW,0,0,0,64,0,0,0,0,0,0,14000,434
NSW242,HAY SHIRE COUNCIL,1,NSW,1757,0,0,27,22,0,1735,22,1523,212,12436000,25
NSW270,THE HILLS SHIRE COUNCIL,1,NSW,24582,0,37712,34,62227,53,14,62266,19,9,107000,356
NSW283,BLACKTOWN CITY COUNCIL,1,NSW,32182,0,82113,5115,112703,1074,518,113635,172,488,2269000,101
NSW305,EUROBODALLA SHIRE COUNCIL,1,NSW,19987,0,7577,945,24970,1473,1121,25103,1362,1099,6871000,42
NSW311,COFFS HARBOUR CITY COUNCIL,1,NSW,10812,0,26046,0,33905,1665,1288,34820,831,1207,9984000,30
NSW313,AUBURN CITY COUNCIL,1,NSW,4612,0,25558,0,29091,655,424,29009,1160,1,735000,207
QLD273,CASSOWARY COAST REGIONAL,3,QLD,171,7131,8235,1305,8968,2531,4038,10023,3020,2494,21661000,13
QLD304,MAPOON ABORIGINAL SHIRE,3,QLD,0,0,0,0,0,0,0,0,0,0,0,497
QLD311,CHERBOURG ABORIGINAL SHIRE,3,QLD,6,0,355,0,332,19,10,332,19,10,46000,399
NSW203,MANLY COUNCIL,1,NSW,2183,0,20305,277,22156,162,170,22307,6,175,1076000,167
NSW236,LISMORE CITY COUNCIL,1,NSW,7377,0,11391,0,14666,566,3536,15112,1539,2117,30482000,3
NSW301,PALERANG COUNCIL,1,NSW,0,0,1590,1612,1507,35,48,1535,55,0,435000,246
NSW303,GOSFORD CITY COUNCIL,1,NSW,37837,20174,31250,4,86374,1162,1725,86875,449,1937,9477000,31
NT55,ALICE SPRINGS MUNICIPALITY,7,NT,7422,0,0,3849,5215,2095,112,5215,2196,11,2457000,92
NT63,DARWIN WATERFRONT PRECINCT MUNICIPALITY,7,NT,0,0,0,0,0,0,0,0,0,0,0,497
NT66,UN-INCORPORATED (YULARA) AREA,7,NT,0,0,0,0,0,0,0,0,0,0,0,497
QLD272,CAIRNS REGIONAL,3,QLD,55185,0,0,28582,34107,21078,0,34108,21077,0,13127000,22
QLD281,ISAAC REGIONAL,3,QLD,0,0,0,10191,0,0,0,0,0,0,700000,211
QLD298,TORRES STRAIT ISLAND REGIONAL,3,QLD,0,0,0,0,0,0,0,0,0,0,0,497
QLD300,WOORABINDA ABORIGINAL SHIRE,3,QLD,0,0,0,0,0,0,0,0,0,0,0,497
NSW160,BELLINGEN SHIRE COUNCIL,1,NSW,4619,0,209,0,4305,352,171,4431,283,114,1675000,127
NSW165,BOURKE SHIRE COUNCIL,1,NSW,0,1265,0,171,0,1265,0,1265,0,0,273000,285
NSW212,THE COUNCIL OF THE MUNICIPALITY OF KIAMA,1,NSW,0,0,10230,9,9647,241,342,9887,343,0,1302000,141
NSW282,CITY OF CANADA BAY COUNCIL,1,NSW,39977,0,4795,0,43114,1407,251,43025,1008,739,1019000,175
NSW306,SHELLHARBOUR CITY COUNCIL,1,NSW,20916,0,9009,0,26587,2273,1065,26668,1309,1948,3576000,65
QLD150,WEIPA TOWN,3,QLD,0,0,0,1879,0,0,0,0,0,0,41000,401
QLD23,BULLOO SHIRE,3,QLD,0,0,0,404,0,0,0,0,0,0,10000,443
NSW186,BOOROWA COUNCIL,1,NSW,0,0,1285,0,1183,65,37,1244,41,0,188000,316
NSW199,WAGGA WAGGA CITY COUNCIL,1,NSW,23070,0,5604,0,22727,3029,2918,27918,694,62,8148000,35
NSW227,UPPER HUNTER SHIRE COUNCIL,1,NSW,0,0,3716,3031,3403,203,110,3588,128,0,1856000,118
NSW267,PARRAMATTA CITY COUNCIL,1,NSW,46905,0,40253,790,84441,1706,1011,85129,1145,884,3453000,69
NT62,KATHERINE MUNICIPALITY,7,NT,3011,0,0,302,1466,0,1545,1466,1297,248,3464000,68
QLD152,WINTON SHIRE,3,QLD,0,0,0,867,0,0,0,0,0,0,65000,380
NSW202,TAMWORTH REGIONAL COUNCIL,1,NSW,7841,0,18003,0,24433,961,450,25418,416,10,1931000,110
NSW245,GREATER HUME SHIRE COUNCIL,1,NSW,0,0,3728,96,2482,994,252,3059,669,0,1112000,162
NSW250,OBERON COUNCIL,1,NSW,0,0,2216,0,2213,2,1,2215,1,0,4000,456
NSW269,JUNEE SHIRE COUNCIL,1,NSW,2272,0,154,0,2243,136,47,2269,72,85,182000,319
NSW290,TEMORA SHIRE COUNCIL,1,NSW,0,0,2247,364,1871,356,20,1987,260,0,233000,302
NSW307,GREAT LAKES COUNCIL,1,NSW,20417,0,7689,17,22607,4729,770,25549,1503,1054,3478000,67
QLD278,GLADSTONE REGIONAL,3,QLD,0,19624,9646,1299,28108,813,349,28444,533,293,1877000,116
QLD287,NORTHERN PENINSULA AREA REGIONAL,3,QLD,0,0,0,762,0,0,0,0,0,0,0,497
QLD295,SUNSHINE COAST REGIONAL,3,QLD,120771,0,26659,1824,134838,12504,88,134840,12502,88,5073000,52
SA121,THE DC OF LOXTON WAIKERIE,4,SA,2499,0,0,1358,2410,89,0,2410,89,0,91000,362
TAS70,DERWENT VALLEY COUNCIL,6,TAS,0,0,3857,0,3617,55,185,3646,62,149,840000,191
VIC148,MOYNE SHIRE,2,VIC,1096,0,2953,1299,3833,122,94,3841,155,53,737000,206
WA316,TOWN OF VICTORIA PARK,5,WA,0,7424,15829,0,23251,2,0,23253,0,0,2000,467
WA413,SHIRE OF WAGIN,5,WA,0,0,0,1392,0,0,0,0,0,0,316000,271
WA385,SHIRE OF SHARK BAY,5,WA,0,0,0,623,0,0,0,0,0,0,1000,480
WA421,SHIRE OF WYNDHAM-EAST KIMBERLEY,5,WA,0,0,0,3025,0,0,0,0,0,0,545000,232
QLD282,LOCKYER VALLEY REGIONAL,3,QLD,0,0,15110,0,14064,287,759,14067,282,761,3246000,75
QLD308,KOWANYAMA ABORIGINAL SHIRE,3,QLD,0,0,0,576,0,0,0,0,0,0,0,497
QLD48,DIAMANTINA SHIRE,3,QLD,0,0,0,0,0,0,0,0,0,0,0,497
NSW153,UNINCORPORATED,1,NSW,38,0,526,358,521,4,39,524,2,38,161000,330
NSW193,PARKES SHIRE COUNCIL,1,NSW,0,0,6546,613,6452,60,34,6477,69,0,157000,332
NSW194,BYRON SHIRE COUNCIL,1,NSW,11494,0,3016,0,11447,1616,1447,12282,647,1581,5513000,49
NSW252,WYONG SHIRE COUNCIL,1,NSW,45307,1455,31662,0,70404,4001,4019,70917,3290,4217,19782000,14
QLD269,BARCALDINE REGIONAL,3,QLD,0,0,1,3120,0,1,0,0,1,0,378000,253
QLD271,BUNDABERG REGIONAL,3,QLD,35757,0,5000,710,36561,2186,2010,36488,3519,750,7854000,36
QLD297,TOOWOOMBA REGIONAL,3,QLD,433,0,75032,1257,72760,2203,502,72781,2183,501,3392000,71
QLD68,HINCHINBROOK SHIRE,3,QLD,5474,0,78,395,3018,2534,0,3018,2534,0,908000,185
SA123,THE DC OF KAROONDA EAST MURRAY,4,SA,0,0,0,511,0,0,0,0,0,0,0,497
SA138,KANGAROO ISLAND COUNCIL,4,SA,0,0,0,4030,0,0,0,0,0,0,0,497
SA141,YORKE PENINSULA COUNCIL,4,SA,0,0,10289,251,10024,112,153,10008,47,234,534000,233
NSW198,LOCKHART SHIRE COUNCIL,1,NSW,1707,0,284,11,836,1086,69,1447,471,73,369000,257
NSW231,BROKEN HILL CITY COUNCIL,1,NSW,0,0,0,12750,0,0,0,0,0,0,2000,467
QLD103,MORNINGTON SHIRE,3,QLD,0,0,0,283,0,0,0,0,0,0,0,497
QLD123,QUILPIE SHIRE,3,QLD,0,0,0,810,0,0,0,0,0,0,19000,426
SA117,THE REGIONAL COUNCIL OF GOYDER,4,SA,0,0,327,1830,325,1,1,325,0,2,19000,426
VIC160,BAW BAW SHIRE,2,VIC,6314,0,12795,0,18586,469,54,18676,231,202,297000,277
WA287,SHIRE OF EAST PILBARA,5,WA,112,0,0,3179,24,19,69,24,19,69,468000,241
WA293,SHIRE OF YORK,5,WA,0,2060,76,0,1471,427,238,1977,125,34,762000,202
WA392,SHIRE OF THREE SPRINGS,5,WA,0,0,30,331,30,0,0,30,0,0,0,497
SA91,CITY OF MARION,4,SA,33,0,45597,497,42761,1939,930,42422,534,2674,3172000,77
SA93,CITY OF ONKAPARINGA,4,SA,3994,0,74123,1,77537,274,306,77613,150,354,935000,181
VIC162,WODONGA CITY,2,VIC,2192,0,14975,0,16993,153,21,17091,76,0,108000,355
WA303,SHIRE OF MURCHISON,5,WA,0,0,0,0,0,0,0,0,0,0,0,497
WA356,SHIRE OF NUNGARIN,5,WA,0,0,291,0,291,0,0,291,0,0,1000,480
WA375,TOWN OF MOSMAN PARK,5,WA,0,5034,0,0,5031,2,1,5033,0,1,4000,456
WA405,SHIRE OF YALGOO,5,WA,0,0,0,176,0,0,0,0,0,0,6000,450
NSW187,BALLINA SHIRE COUNCIL,1,NSW,12772,0,7149,0,14484,4474,963,14511,712,4698,6726000,44
NSW251,MAITLAND CITY COUNCIL,1,NSW,26664,0,4086,0,27446,1054,2250,28745,1925,80,8211000,34
NSW259,GWYDIR SHIRE COUNCIL,1,NSW,0,0,2286,62,1655,556,75,2211,75,0,350000,262
NSW273,WALCHA COUNCIL,1,NSW,0,0,1837,0,1492,77,268,1569,268,0,1200000,155
NSW291,BOGAN SHIRE COUNCIL,1,NSW,0,1056,0,69,0,3,1053,3,1053,0,1847000,119
NSW299,WARREN SHIRE COUNCIL,1,NSW,0,1166,0,113,0,0,1166,1166,0,0,1208000,154
NSW304,GUNDAGAI SHIRE COUNCIL,1,NSW,362,0,1196,0,1305,141,112,1438,119,1,437000,245
QLD109,MURWEH SHIRE,3,QLD,2327,0,0,561,1207,481,639,946,1315,66,1438000,137
SA128,THE DC OF MOUNT REMARKABLE,4,SA,0,0,368,1655,356,9,3,354,3,11,110000,351
SA96,TATIARA DC,4,SA,0,0,3066,0,2869,72,125,2859,35,172,609000,224
TAS67,CENTRAL HIGHLANDS COUNCIL,6,TAS,0,0,2412,0,2110,74,228,2116,16,280,496000,236
QLD97,MCKINLAY SHIRE,3,QLD,0,0,0,678,0,0,0,0,0,0,50000,393
SA133,CITY OF VICTOR HARBOR,4,SA,0,0,0,11649,0,0,0,0,0,0,315000,272
SA134,THE DC OF STREAKY BAY,4,SA,0,0,0,1492,0,0,0,0,0,0,12000,437
TAS73,GEORGE TOWN COUNCIL,6,TAS,0,0,3078,949,2254,577,247,2254,577,247,1048000,171
VIC100,MANSFIELD SHIRE,2,VIC,127,0,3722,0,3626,199,24,3699,150,0,179000,321
VIC130,GLENELG SHIRE,2,VIC,281,827,7414,0,7927,507,88,8190,326,6,422000,249
VIC151,SURF COAST SHIRE,2,VIC,1,0,19633,0,19513,54,67,19520,94,20,253000,293
WA309,CITY OF WANNEROO,5,WA,0,0,71017,176,69388,651,978,69951,346,720,10301000,29
WA320,CITY OF GOSNELLS,5,WA,0,15153,33551,0,48471,189,44,48483,66,155,349000,263
WA339,SHIRE OF DENMARK,5,WA,0,0,719,2106,576,109,34,576,109,34,218000,310
WA342,SHIRE OF COLLIE,5,WA,0,0,1586,2936,464,427,695,465,426,695,2051000,108
WA353,SHIRE OF MURRAY,5,WA,0,4586,594,2781,4318,506,356,4185,768,227,1222000,151
NSW224,UNINCORPORATED FAR WEST,1,NSW,0,0,0,125,0,0,0,0,0,0,0,497
NSW240,ORANGE CITY COUNCIL,1,NSW,7694,0,12279,0,18856,885,232,19735,33,205,1223000,150
NSW264,CAMDEN COUNCIL,1,NSW,7255,0,15530,0,21953,515,317,22390,206,189,2861000,81
NSW293,THE COUNCIL OF THE MUNICIPALITY OF ASHFIELD,1,NSW,1383,0,19837,0,20768,259,193,21008,149,63,551000,230
QLD296,TABLELANDS REGIONAL,3,QLD,0,0,2885,9217,2262,342,281,2262,342,281,1247000,147
QLD44,CROYDON SHIRE,3,QLD,0,0,0,817,0,0,0,0,0,0,0,497
SA106,THE CORPORATION OF THE TOWN OF WALKERVILLE,4,SA,0,0,4309,0,4304,0,5,4304,1,4,49000,394
SA107,ADELAIDE HILLS COUNCIL,4,SA,0,0,8487,3859,8454,17,16,8450,11,26,239000,299
SA97,WUDINNA DISTRICT COUNCIL,4,SA,0,0,0,571,0,0,0,0,0,0,3000,463
TAS65,BRIGHTON COUNCIL,6,TAS,0,0,7002,0,6883,74,45,6923,36,43,276000,284
TAS89,DEVONPORT CITY COUNCIL,6,TAS,0,0,14008,0,11733,1849,426,11733,1849,426,2225000,102
VIC168,BRIMBANK CITY,2,VIC,0,0,76788,0,76426,173,189,76519,112,157,1131000,159
WA310,CITY OF VINCENT,5,WA,0,9522,10565,0,20087,0,0,20087,0,0,1000,480
WA313,CITY OF SWAN,5,WA,0,2411,30270,13913,31390,1023,268,32273,279,129,1212000,153
WA345,SHIRE OF KOORDA,5,WA,0,0,269,34,269,0,0,269,0,0,0,497
WA346,SHIRE OF WEST ARTHUR,5,WA,0,0,232,116,205,27,0,205,27,0,34000,412
WA391,SHIRE OF TAMMIN,5,WA,0,0,210,0,205,5,0,205,0,5,2000,467
WA402,SHIRE OF BEVERLEY,5,WA,0,918,37,0,618,290,47,913,34,8,229000,304
SA105,CITY OF HOLDFAST BAY,4,SA,0,0,22641,520,22419,135,87,22390,32,219,425000,247
TAS76,KENTISH COUNCIL,6,TAS,0,0,2002,0,1613,329,60,1613,329,60,355000,261
TAS79,LATROBE COUNCIL,6,TAS,839,0,4590,0,3395,1227,807,3394,1224,811,2765000,83
VIC159,MOUNT BAW BAW ALPINE RESORT (UNINCORPORATED),2,VIC,0,0,2,0,2,0,0,2,0,0,0,497
VIC174,GABO ISLAND (UNINCORPORATED),2,VIC,0,0,0,0,0,0,0,0,0,0,0,497
WA291,SHIRE OF HALLS CREEK,5,WA,0,0,0,856,0,0,0,0,0,0,87000,365
WA305,SHIRE OF DUMBLEYUNG,5,WA,0,0,0,459,0,0,0,0,0,0,14000,434
WA324,SHIRE OF CARNARVON,5,WA,0,0,0,2832,0,0,0,0,0,0,487000,237
WA335,SHIRE OF WYALKATCHEM,5,WA,0,0,392,0,392,0,0,392,0,0,0,497
WA350,CITY OF MANDURAH,5,WA,0,47644,1577,1320,48837,205,179,48586,494,141,579000,226
WA357,SHIRE OF COOROW,5,WA,0,0,0,1125,0,0,0,0,0,0,58000,385
WA378,SHIRE OF MINGENEW,5,WA,0,0,353,0,353,0,0,353,0,0,0,497
WA399,SHIRE OF JERRAMUNGUP,5,WA,0,0,714,0,704,2,8,704,2,8,33000,413
NSW169,COROWA SHIRE COUNCIL,1,NSW,36,2144,0,4995,1601,472,107,1968,125,87,994000,177
NSW206,LAKE MACQUARIE CITY COUNCIL,1,NSW,45325,0,41760,1861,80141,5025,1919,82015,2509,2561,7347000,37
NSW237,WENTWORTH SHIRE COUNCIL,1,NSW,124,2378,0,847,1081,214,1207,2021,336,145,2322000,99
NT77,EAST ARNHEM SHIRE,7,NT,0,0,0,350,0,0,0,0,0,0,0,497
OT2,SHIRE OF COCOS ISLANDS,9,OT,0,0,0,0,0,0,0,0,0,0,0,497
QLD275,CHARTERS TOWERS REGIONAL,3,QLD,0,0,0,5568,0,0,0,0,0,0,375000,255
QLD5,BALONNE SHIRE,3,QLD,2089,0,0,1043,1727,145,217,1727,333,29,1302000,141
SA104,WAKEFIELD REGIONAL COUNCIL,4,SA,0,0,999,2627,975,13,11,986,6,7,201000,313
SA68,UIA WHYALLA,4,SA,0,0,0,0,0,0,0,0,0,0,0,497
TAS82,SORELL COUNCIL,6,TAS,0,0,6700,1571,6298,385,17,6298,385,17,290000,280
TAS83,SOUTHERN MIDLANDS COUNCIL,6,TAS,0,0,1546,0,1037,276,233,1035,112,399,760000,203
TAS91,LAUNCESTON CITY COUNCIL,6,TAS,0,0,16310,19496,15839,309,162,15839,309,162,2685000,85
VIC93,GREATER SHEPPARTON CITY,2,VIC,879,21899,2794,0,1867,10656,13049,12362,12605,605,23219000,11
WA290,SHIRE OF WANDERING,5,WA,0,0,173,0,173,0,0,173,0,0,0,497
WA319,SHIRE OF MUNDARING,5,WA,0,0,16031,0,16002,11,18,16000,4,27,100000,359
WA355,SHIRE OF TRAYNING,5,WA,0,0,469,0,469,0,0,469,0,0,0,497
NSW204,DUNGOG SHIRE COUNCIL,1,NSW,2238,0,961,231,2875,217,107,3091,54,54,1215000,152
NSW226,MURRAY SHIRE COUNCIL,1,NSW,0,2673,0,518,205,1678,790,2634,36,3,1552000,134
NSW266,RICHMOND VALLEY COUNCIL,1,NSW,6082,0,4103,0,4342,2178,3665,6279,2641,1265,28246000,5
QLD292,SOMERSET REGIONAL,3,QLD,130,1,6510,820,6463,99,79,6512,48,81,552000,229
QLD3,AURUKUN SHIRE,3,QLD,0,0,0,670,0,0,0,0,0,0,26000,420
SA115,DC OF THE COPPER COAST,4,SA,0,0,11316,10,10295,509,512,10222,332,762,1753000,123
SA142,DC OF ELLISTON,4,SA,0,0,0,920,0,0,0,0,0,0,8000,447
TAS78,KINGBOROUGH COUNCIL,6,TAS,0,0,15851,1221,15202,508,141,15202,508,141,905000,186
VIC109,STONNINGTON CITY,2,VIC,0,0,57753,0,57702,39,12,57724,20,9,57000,386
VIC114,WHITTLESEA CITY,2,VIC,0,0,70519,0,70498,12,9,70498,4,17,40000,403
VIC139,MAROONDAH CITY,2,VIC,0,0,51400,0,51365,23,12,51357,28,15,73000,372
WA358,SHIRE OF PERENJORI,5,WA,0,0,0,279,0,0,0,0,0,0,0,497
WA371,CITY OF JOONDALUP,5,WA,0,0,63509,0,63125,145,239,63251,88,170,2154000,104
WA377,TOWN OF BASSENDEAN,5,WA,0,5681,2337,0,7162,578,278,7710,165,143,2508000,90
TAS72,FLINDERS COUNCIL,6,TAS,0,0,0,378,0,0,0,0,0,0,0,497
VIC104,MONASH CITY,2,VIC,0,0,84138,0,84134,4,0,84132,6,0,2000,467
VIC112,QUEENSCLIFFE BOROUGH,2,VIC,1,0,3178,29,2528,509,142,2489,58,632,696000,213
VIC134,WELLINGTON SHIRE,2,VIC,1758,8820,12634,26,19835,3236,141,21146,2027,39,2111000,105
VIC175,FRENCH-ELIZABETH-SANDSTONE ISLANDS (UNINC),2,VIC,0,0,0,0,0,0,0,0,0,0,0,497
VIC97,HOBSONS BAY CITY,2,VIC,0,0,44123,0,42943,903,277,42948,580,595,1066000,169
WA297,SHIRE OF AUGUSTA-MARGARET RIVER,5,WA,1485,0,5648,98,7114,13,6,7114,14,5,54000,388
WA323,SHIRE OF ASHBURTON,5,WA,0,0,0,4624,0,0,0,0,0,0,74000,371
WA366,SHIRE OF KULIN,5,WA,0,0,431,0,431,0,0,431,0,0,0,497
WA418,SHIRE OF NORTHAMPTON,5,WA,0,0,1124,1460,1072,17,35,1078,17,29,132000,345
WA425,CITY OF KWINANA,5,WA,0,0,16140,0,16086,33,21,16107,15,18,162000,329
SA90,CITY OF CHARLES STURT,4,SA,0,0,59587,0,56814,2231,542,56544,571,2472,3377000,72
SA92,THE CITY OF NORWOOD PAYNEHAM AND ST PETERS,4,SA,0,0,7,21642,3,0,4,3,0,4,1427000,138
TAS75,HUON VALLEY COUNCIL,6,TAS,2037,0,3572,43,4601,691,317,4601,691,317,1160000,157
VIC120,BENALLA RURAL CITY,2,VIC,5436,0,190,45,2214,2931,481,3433,1679,514,1827000,120
VIC98,KINGSTON CITY,2,VIC,0,0,75570,0,73025,1909,636,73007,1335,1228,2319000,100
VIC99,MACEDON RANGES SHIRE,2,VIC,0,0,15441,0,15376,45,20,15377,41,23,82000,367
WA321,CITY OF ARMADALE,5,WA,0,3630,27238,0,30490,344,34,30419,85,364,263000,289
WA374,SHIRE OF PEPPERMINT GROVE,5,WA,0,761,0,0,761,0,0,761,0,0,0,497
NSW180,WOOLLAHRA MUNICIPAL COUNCIL,1,NSW,2094,0,31596,181,33389,47,254,33392,28,270,5458000,50
NSW185,PITTWATER COUNCIL,1,NSW,12248,0,15571,125,26251,682,886,26316,290,1213,7201000,38
NSW221,YOUNG SHIRE COUNCIL,1,NSW,0,0,5173,0,5117,46,10,5162,11,0,45000,400
NSW229,THE COUNCIL OF THE MUNICIPALITY OF HUNTERS HILL,1,NSW,2841,0,2206,1541,5001,45,1,5001,0,46,32000,415
NSW261,TWEED SHIRE COUNCIL,1,NSW,41947,0,2378,0,26243,13501,4581,38443,2210,3672,28661000,4
NSW272,CAMPBELLTOWN CITY COUNCIL,1,NSW,1444,0,58178,0,58702,562,358,59254,356,12,936000,180
NT67,PALMERSTON MUNICIPALITY,7,NT,0,0,0,11528,0,0,0,0,0,0,12000,437
NT68,DARWIN MUNICIPALITY,7,NT,0,0,0,32770,0,0,0,0,0,0,332000,266
NT83,UN-INCORPORATED AREA,7,NT,0,0,0,1375,0,0,0,0,0,0,8000,447
TAS86,WEST TAMAR COUNCIL,6,TAS,0,0,8292,2853,7205,688,399,7204,689,399,1660000,129
VIC121,MOONEE VALLEY CITY,2,VIC,0,0,56839,0,56627,170,42,56729,70,40,264000,288
VIC95,WYNDHAM CITY,2,VIC,0,0,79252,0,76201,1893,1158,76342,2145,765,3036000,79
WA296,SHIRE OF RAVENSTHORPE,5,WA,0,0,0,1315,0,0,0,0,0,0,2000,467
WA317,CITY OF CANNING,5,WA,0,30443,11884,0,42309,17,1,42319,5,3,22000,423
WA318,CITY OF SOUTH PERTH,5,WA,0,24024,2881,0,26852,39,14,26891,0,14,39000,405
WA341,SHIRE OF CAPEL,5,WA,0,0,4466,1488,4371,93,2,4374,90,2,217000,311
WA387,SHIRE OF CARNAMAH,5,WA,0,0,0,560,0,0,0,0,0,0,1000,480
WA411,SHIRE OF BRIDGETOWN-GREENBUSHES,5,WA,1695,0,34,1303,1709,8,12,1709,8,12,47000,396
WA412,SHIRE OF BODDINGTON,5,WA,839,0,48,0,851,29,7,874,9,4,69000,375
WA415,SHIRE OF DERBY-WEST KIMBERLEY,5,WA,519,0,0,2279,412,107,0,412,107,0,179000,321
NSW215,THE COUNCIL OF THE CITY OF BOTANY BAY,1,NSW,0,0,21862,0,20629,975,258,21529,333,0,750000,205
NSW220,PORT STEPHENS COUNCIL,1,NSW,9026,0,29684,23,36112,1363,1235,37175,1219,316,5306000,51
NSW239,CABONNE SHIRE COUNCIL,1,NSW,322,0,2890,470,2487,319,406,2781,160,271,11234000,26
NSW260,JERILDERIE SHIRE COUNCIL,1,NSW,0,0,0,615,0,0,0,0,0,0,106000,357
NSW276,LEETON SHIRE COUNCIL,1,NSW,0,0,12,4693,4,8,0,0,12,0,893000,189
NSW285,GUNNEDAH SHIRE COUNCIL,1,NSW,585,0,5025,0,4984,211,415,5144,139,327,5008000,53
NT78,DARWIN RATES ACT AREA,7,NT,0,0,0,5,0,0,0,0,0,0,0,497
QLD126,RICHMOND SHIRE,3,QLD,0,0,0,661,0,0,0,0,0,0,12000,437
QLD19,BOULIA SHIRE,3,QLD,0,0,0,409,0,0,0,0,0,0,20000,424
QLD284,MACKAY REGIONAL,3,QLD,4471,0,19582,23510,20821,2744,488,20821,2744,488,24128000,9
SA124,THE DC OF KIMBA,4,SA,0,0,0,505,0,0,0,0,0,0,0,497
SA126,MID MURRAY COUNCIL,4,SA,4511,0,0,1615,2619,1447,445,2619,1892,0,1730000,126
SA99,PORT PIRIE REGIONAL COUNCIL,4,SA,0,0,7531,1854,7521,7,3,7521,3,7,16000,429
VIC107,PORT PHILLIP CITY,2,VIC,0,0,57838,0,55780,1910,148,55255,929,1654,1229000,149
VIC137,ARARAT RURAL CITY,2,VIC,0,0,4551,0,4519,19,13,4533,18,0,28000,418
VIC145,COLAC OTWAY SHIRE,2,VIC,246,0,10403,0,10212,432,5,10380,252,17,228000,305
WA338,SHIRE OF DANDARAGAN,5,WA,0,0,9,3031,8,1,0,8,1,0,280000,283
NSW163,WALGETT SHIRE COUNCIL,1,NSW,0,1104,0,2111,0,0,1104,0,1104,0,1903000,113
NSW164,WEDDIN SHIRE COUNCIL,1,NSW,1361,0,512,68,1530,270,73,1719,81,73,148000,338
NSW172,LEICHHARDT MUNICIPAL COUNCIL,1,NSW,4915,0,23353,1547,28207,56,5,28261,7,0,130000,346
NSW188,URALLA SHIRE COUNCIL,1,NSW,0,0,1977,0,1783,167,27,1941,36,0,133000,343
NSW247,ROCKDALE CITY COUNCIL,1,NSW,1825,0,38873,10284,40299,356,43,40388,310,0,6212000,46
NSW308,NAMBUCCA SHIRE COUNCIL,1,NSW,932,0,7315,0,6873,542,832,7363,751,133,2447000,94
NT79,VICTORIA DALY MUNICIPALITY,7,NT,0,0,0,506,0,0,0,0,0,0,18000,428
QLD141,TORRES SHIRE,3,QLD,0,0,0,1184,0,0,0,0,0,0,0,497
QLD277,FRASER COAST REGIONAL,3,QLD,111,0,56675,3033,53855,1699,1232,54362,1655,769,6101000,47
QLD283,LONGREACH REGIONAL,3,QLD,0,0,0,2607,0,0,0,0,0,0,1147000,158
QLD294,SOUTHERN DOWNS REGIONAL,3,QLD,0,0,12903,508,10889,1500,514,11133,1401,369,2424000,96
SA111,THE DC OF CEDUNA,4,SA,0,0,0,1464,0,0,0,0,0,0,6000,450
SA74,CITY OF BURNSIDE,4,SA,0,0,7780,14767,7302,378,100,7253,72,455,1531000,135
SA75,CAMPBELLTOWN CITY COUNCIL,4,SA,0,0,2424,23381,2423,0,1,2423,0,1,470000,240
TAS85,WARATAH-WYNYARD COUNCIL,6,TAS,0,0,5684,0,5547,71,66,5547,70,67,220000,308
TAS87,WEST COAST COUNCIL,6,TAS,0,0,4095,214,2117,1031,947,2117,1031,947,1893000,115
VIC119,ALPINE SHIRE,2,VIC,319,2009,4155,0,5234,1046,203,5879,600,4,925000,183
VIC147,CAMPASPE SHIRE,2,VIC,2743,6950,4700,0,3980,8671,1742,10393,3694,306,7002000,41
WA388,SHIRE OF TOODYAY,5,WA,0,1226,1451,2,2394,215,68,2634,28,15,406000,251
WA414,SHIRE OF KELLERBERRIN,5,WA,0,0,882,0,875,7,0,881,1,0,2000,467
NSW192,BANKSTOWN CITY COUNCIL,1,NSW,7798,0,70278,2458,76308,1275,493,77801,176,99,2637000,86
NSW207,NEWCASTLE CITY COUNCIL,1,NSW,77731,0,1306,0,68203,7794,3040,68584,7250,3203,26060000,7
NSW278,BALRANALD SHIRE COUNCIL,1,NSW,96,778,0,287,41,825,8,819,55,0,673000,215
QLD288,REDLAND CITY,3,QLD,79096,0,2037,5,80681,452,0,80681,452,0,377000,254
QLD299,WHITSUNDAY REGIONAL,3,QLD,0,0,13497,5527,12527,926,44,12527,926,44,808000,196
QLD302,LOCKHART RIVER ABORIGINAL SHIRE,3,QLD,0,0,0,227,0,0,0,0,0,0,0,497
QLD310,HOPE VALE ABORIGINAL SHIRE,3,QLD,0,0,0,0,0,0,0,0,0,0,0,497
QLD41,COOK SHIRE,3,QLD,0,0,0,2209,0,0,0,0,0,0,25000,421
QLD57,ETHERIDGE SHIRE,3,QLD,0,0,0,545,0,0,0,0,0,0,15000,431
VIC132,MELBOURNE CITY,2,VIC,0,0,65667,0,50992,9083,5592,49498,3618,12551,6733000,43
VIC140,WEST WIMMERA SHIRE,2,VIC,9,0,1624,0,1499,51,83,1504,36,93,232000,303
VIC155,MOUNT STIRLING ALPINE RESORT (UNINCORPORATED),2,VIC,0,0,0,0,0,0,0,0,0,0,0,497
WA301,SHIRE OF GOOMALLING,5,WA,0,0,438,0,438,0,0,438,0,0,0,497
WA304,SHIRE OF PLANTAGENET,5,WA,0,0,1394,884,1394,0,0,1394,0,0,0,497
WA325,SHIRE OF CHAPMAN VALLEY,5,WA,0,0,157,0,125,16,16,126,11,20,53000,389
WA334,CITY OF STIRLING,5,WA,0,1088,116730,0,109052,3243,5523,111915,3319,2584,18367000,16
WA370,TOWN OF CAMBRIDGE,5,WA,0,0,12509,0,11911,433,165,12324,153,32,1250000,146
WA398,SHIRE OF GNOWANGERUP,5,WA,0,0,706,0,692,5,9,692,1,13,37000,407
NSW166,GILGANDRA SHIRE COUNCIL,1,NSW,1660,0,110,29,1167,194,409,1324,384,62,1255000,145
NSW170,BERRIGAN SHIRE COUNCIL,1,NSW,2575,0,0,2431,1587,721,267,1284,1288,3,1080000,165
NSW175,WAVERLEY COUNCIL,1,NSW,0,0,38150,193,38150,0,0,38150,0,0,0,497
NSW211,THE COUNCIL OF THE SHIRE OF WAKOOL,1,NSW,41,0,0,1628,0,41,0,0,41,0,262000,290
NSW219,COONAMBLE SHIRE COUNCIL,1,NSW,1060,772,0,471,0,0,1832,0,1832,0,3648000,64
NSW253,TUMUT COUNCIL,1,NSW,0,0,5298,0,5163,55,80,5217,81,0,323000,268
NSW281,MID-WESTERN REGIONAL COUNCIL,1,NSW,5412,0,5275,0,10230,318,139,10480,181,26,670000,216
NSW289,COBAR SHIRE COUNCIL,1,NSW,0,0,0,2590,0,0,0,0,0,0,35000,409
NT80,WEST DALY MUNICIPALITY,7,NT,0,0,0,263,0,0,0,0,0,0,33000,413
QLD116,PAROO SHIRE,3,QLD,0,0,0,1228,0,0,0,0,0,0,472000,239
QLD291,SCENIC RIM REGIONAL,3,QLD,0,0,14426,1429,13312,919,195,13314,919,193,1294000,143
SA98,CITY OF PLAYFORD,4,SA,0,0,2206,35779,2206,0,0,2206,0,0,272000,286
VIC105,MOUNT ALEXANDER SHIRE,2,VIC,106,0,8540,0,8036,411,199,8335,311,0,631000,220
VIC135,GANNAWARRA SHIRE,2,VIC,732,0,3816,0,1276,3139,133,3561,987,0,2105000,106
VIC141,MANNINGHAM CITY,2,VIC,0,0,52601,0,52575,14,12,52581,7,13,66000,379
VIC90,GREATER BENDIGO CITY,2,VIC,827,32450,20443,0,50347,2774,599,51292,1691,737,3415000,70
WA298,SHIRE OF NARROGIN,5,WA,0,0,0,52,0,0,0,0,0,0,0,497
WA380,SHIRE OF MOORA,5,WA,1037,0,0,138,131,906,0,131,906,0,834000,192
WA389,SHIRE OF CUNDERDIN,5,WA,0,0,906,0,902,0,4,902,0,4,16000,429
WA417,TOWN OF PORT HEDLAND,5,WA,0,0,0,8600,0,0,0,0,0,0,15000,431
WA423,CITY OF PERTH,5,WA,0,11332,704,0,11770,193,73,11888,2,146,155000,336
TAS92,GLENORCHY CITY COUNCIL,6,TAS,0,0,24481,0,24383,80,18,24379,50,52,76000,370
VIC108,PYRENEES SHIRE,2,VIC,73,0,1996,0,1773,235,61,1876,193,0,206000,312
VIC113,WARRNAMBOOL CITY,2,VIC,0,0,17155,0,15540,1079,536,15558,1509,88,2436000,95
VIC116,BAYSIDE CITY,2,VIC,0,0,48632,0,48595,29,8,48578,29,25,69000,375
VIC122,LAKE MOUNTAIN ALPINE RESORT (UNINCORPORATED),2,VIC,0,0,1,0,1,0,0,1,0,0,0,497
VIC138,SOUTHERN GRAMPIANS SHIRE,2,VIC,5254,0,2658,0,7760,121,31,7877,32,3,110000,351
VIC149,CORANGAMITE SHIRE,2,VIC,2,0,5845,0,5702,116,29,5804,43,0,157000,332
VIC170,DAREBIN CITY,2,VIC,0,0,71977,0,71954,13,10,71960,8,9,51000,391
WA367,SHIRE OF KONDININ,5,WA,0,0,587,0,587,0,0,587,0,0,1000,480
WA401,SHIRE OF IRWIN,5,WA,0,0,2661,0,2310,166,185,2441,133,87,943000,179
QLD280,GYMPIE REGIONAL,3,QLD,15930,0,4352,3701,18557,786,939,18558,1716,8,2707000,84
SA129,NARACOORTE LUCINDALE COUNCIL,4,SA,0,0,3878,0,3724,79,75,3725,42,111,301000,275
SA132,DC OF ROBE,4,SA,0,0,1827,81,1827,0,0,1827,0,0,1000,480
SA88,WATTLE RANGE COUNCIL,4,SA,0,0,5478,3,5432,34,12,5406,40,32,65000,380
VIC124,MOORABOOL SHIRE,2,VIC,0,0,10650,0,10584,55,11,10559,80,11,139000,342
VIC161,CARDINIA SHIRE,2,VIC,0,0,28124,0,28016,93,15,27973,80,71,81000,369
VIC172,MURRINDINDI SHIRE,2,VIC,406,389,4683,0,4880,435,163,5114,363,1,626000,222
WA294,SHIRE OF DALWALLINU,5,WA,0,0,523,338,523,0,0,523,0,0,0,497
WA351,SHIRE OF MEEKATHARRA,5,WA,0,0,0,680,0,0,0,0,0,0,0,497
WA419,SHIRE OF ESPERANCE,5,WA,0,0,0,7678,0,0,0,0,0,0,294000,279
NSW171,ALBURY CITY COUNCIL,1,NSW,6874,0,300,19933,6138,1034,2,7122,50,2,6100000,48
NSW222,COWRA SHIRE COUNCIL,1,NSW,3814,0,1203,136,4822,73,122,4877,113,27,4563000,55
NSW233,INVERELL SHIRE COUNCIL,1,NSW,3051,0,2646,0,4517,604,576,5342,195,160,1642000,131
NSW248,BLUE MOUNTAINS CITY COUNCIL,1,NSW,4818,0,37138,0,41862,20,74,41869,5,82,359000,259
NSW262,LACHLAN SHIRE COUNCIL,1,NSW,1792,0,0,1450,1746,32,14,1744,29,19,146000,339
QLD21,BRISBANE CITY,3,QLD,19247,369312,184185,2307,481691,57211,33842,546222,25278,1244,123701000,1
QLD270,BLACKALL TAMBO REGIONAL,3,QLD,0,0,0,1481,0,0,0,0,0,0,179000,321
QLD74,IPSWICH CITY,3,QLD,0,10947,68242,1,66015,6671,6503,73947,4137,1105,23744000,10
SA112,CLARE AND GILBERT VALLEYS COUNCIL,4,SA,0,0,2456,2171,2255,47,154,2246,15,195,638000,219
SA73,ADELAIDE CITY COUNCIL,4,SA,0,0,10403,3672,10403,0,0,10403,0,0,1000,480
WA344,CITY OF ALBANY,5,WA,0,0,18891,71,18790,31,70,18790,24,77,307000,273
WA360,CITY OF BELMONT,5,WA,0,8762,12971,0,20285,1122,326,21270,396,67,1738000,124
NSW178,GOULBURN MULWAREE COUNCIL,1,NSW,11054,0,960,0,10715,838,461,11648,223,143,2912000,80
NSW183,GLEN INNES SEVERN SHIRE COUNCIL,1,NSW,0,0,3698,0,3504,143,51,3584,114,0,225000,307
NSW184,PORT MACQUARIE-HASTINGS COUNCIL,1,NSW,36196,0,4395,0,35755,3167,1669,38401,662,1528,10795000,28
QLD313,MARANOA REGIONAL,3,QLD,3893,0,0,2527,3369,343,181,3370,123,400,1904000,112
QLD319,NOOSA SHIRE,3,QLD,0,0,34405,48,28808,3622,1975,29481,3200,1724,12812000,24
TAS88,BURNIE CITY COUNCIL,6,TAS,0,0,9291,0,9287,4,0,9286,1,4,2000,467
VIC158,FALLS CREEK ALPINE RESORT (UNINCORPORATED),2,VIC,0,0,575,0,575,0,0,575,0,0,0,497
VIC167,BOROONDARA CITY,2,VIC,0,0,77766,0,77687,49,30,77702,27,37,240000,298
VIC91,GREATER DANDENONG CITY,2,VIC,0,0,61984,0,61807,154,23,61877,46,61,97000,360
WA295,SHIRE OF WOODANILLING,5,WA,0,0,0,393,0,0,0,0,0,0,1000,480
WA314,CITY OF BAYSWATER,5,WA,0,16878,19039,0,34668,1157,92,35797,84,36,898000,187
WA326,SHIRE OF NANNUP,5,WA,541,0,16,65,434,66,57,434,66,57,172000,326
WA363,SHIRE OF KALAMUNDA,5,WA,0,0,24837,0,24761,63,13,24748,25,64,89000,364
WA379,SHIRE OF KENT,5,WA,0,0,74,95,74,0,0,74,0,0,0,497
WA382,CITY OF KALGOORLIE-BOULDER,5,WA,0,0,0,13774,0,0,0,0,0,0,0,497
WA424,CITY OF BUSSELTON,5,WA,6,0,20680,22,19598,484,604,19538,450,698,3248000,74
NSW197,KYOGLE COUNCIL,1,NSW,1597,0,1405,0,2534,185,283,2704,69,229,3848000,62
NSW201,NARRANDERA SHIRE COUNCIL,1,NSW,2943,0,16,539,2878,7,74,2875,84,0,144000,341
NSW209,LIVERPOOL PLAINS SHIRE COUNCIL,1,NSW,1627,0,2220,0,3347,179,321,3465,198,184,2364000,98
NSW214,CARRATHOOL SHIRE COUNCIL,1,NSW,0,0,0,1430,0,0,0,0,0,0,192000,315
NSW228,BEGA VALLEY SHIRE COUNCIL,1,NSW,0,0,16124,2530,15387,382,355,15768,356,0,1809000,121
NSW243,MURRUMBIDGEE SHIRE COUNCIL,1,NSW,595,0,1,562,242,0,354,573,10,13,772000,201
NSW268,BURWOOD COUNCIL,1,NSW,24,0,13301,864,13319,6,0,13325,0,0,286000,282
NSW279,TENTERFIELD SHIRE COUNCIL,1,NSW,0,0,2654,0,2530,97,27,2625,29,0,110000,351
NSW284,NARRABRI SHIRE COUNCIL,1,NSW,2976,1128,1001,610,1051,535,3519,1361,2532,1212,15853000,20
NT65,MACDONNELL SHIRE,7,NT,0,0,0,993,0,0,0,0,0,0,57000,386
NT73,ROPER GULF SHIRE,7,NT,307,0,0,506,175,0,132,175,91,41,484000,238
NT76,UN-INCORPORATED (NHULUNBUY) AREA,7,NT,0,0,0,1350,0,0,0,0,0,0,68000,378
QLD293,SOUTH BURNETT REGIONAL,3,QLD,0,0,15817,2824,14309,1421,87,14310,1418,89,1369000,139
QLD317,LIVINGSTONE SHIRE,3,QLD,467,1481,0,14483,1887,50,11,1929,8,11,929000,182
SA109,THE BAROSSA COUNCIL,4,SA,0,0,356,10005,348,3,5,347,1,8,425000,247
SA87,THE DC OF TUMBY BAY,4,SA,0,0,0,1611,0,0,0,0,0,0,25000,421
VIC118,WANGARATTA RURAL CITY,2,VIC,99,8836,2895,0,10711,858,261,11436,347,47,778000,200
WA292,SHIRE OF DONNYBROOK-BALINGUP,5,WA,0,0,1040,1455,603,302,135,603,302,135,608000,225
WA328,SHIRE OF VICTORIA PLAINS,5,WA,0,0,196,270,193,1,2,193,0,3,31000,416
WA340,SHIRE OF DARDANUP,5,WA,2744,0,119,2126,2762,100,1,2762,100,1,157000,332
WA410,SHIRE OF LAKE GRACE,5,WA,0,0,621,0,621,0,0,621,0,0,0,497
WA426,CITY OF KARRATHA,5,WA,0,0,0,9244,0,0,0,0,0,0,4000,456
NSW191,YASS VALLEY COUNCIL,1,NSW,0,0,5440,0,5368,30,42,5395,45,0,168000,327
NSW208,COOLAMON SHIRE COUNCIL,1,NSW,0,0,1394,1149,1384,7,3,1382,12,0,30000,417
NSW216,RANDWICK CITY COUNCIL,1,NSW,0,0,67121,47,64886,1438,797,65679,1442,0,3367000,73
NSW225,HARDEN SHIRE COUNCIL,1,NSW,0,0,1507,0,1464,31,12,1489,18,0,37000,407
NSW265,FORBES SHIRE COUNCIL,1,NSW,2738,0,1244,0,3586,196,200,3611,313,58,787000,198
NSW286,GREATER TAREE CITY COUNCIL,1,NSW,12732,0,9283,0,18018,2274,1723,20260,463,1292,9424000,32
OT1,SHIRE OF CHRISTMAS ISLAND,9,OT,0,0,0,876,0,0,0,0,0,0,0,497
SA118,THE DC OF GRANT,4,SA,0,0,1918,102,1745,66,107,1787,54,77,631000,220
SA140,RENMARK PARINGA COUNCIL,4,SA,3414,0,0,0,2550,857,7,2550,864,0,567000,227
SA80,CITY OF PORT LINCOLN,4,SA,0,0,0,8938,0,0,0,0,0,0,28000,418
SA82,CITY OF SALISBURY,4,SA,0,0,52477,10616,51347,770,360,51214,332,931,1802000,122
TAS81,NORTHERN MIDLANDS COUNCIL,6,TAS,3825,0,2721,0,5351,775,420,5352,928,266,1902000,114
VIC102,MITCHELL SHIRE,2,VIC,14,2966,11919,0,14328,368,203,14613,151,135,803000,197
VIC125,MORNINGTON PENINSULA SHIRE,2,VIC,0,0,103974,9,100763,1315,1896,100596,650,2728,8254000,33
VIC153,HORSHAM RURAL CITY,2,VIC,10,0,2626,6028,1552,439,645,1918,718,0,2453000,93
WA307,CITY OF NEDLANDS,5,WA,0,2802,6267,0,9062,4,3,9063,4,2,14000,434
WA337,SHIRE OF BROOKTON,5,WA,0,0,563,0,561,2,0,561,0,2,2000,467
WA352,SHIRE OF WAROONA,5,WA,0,182,25,2140,203,4,0,203,4,0,20000,424
WA365,CITY OF GREATER GERALDTON,5,WA,0,0,19621,0,19016,232,373,19030,195,396,1025000,174
WA400,SHIRE OF LEONORA,5,WA,0,0,0,1083,0,0,0,0,0,0,0,497
WA403,SHIRE OF SANDSTONE,5,WA,0,0,0,181,0,0,0,0,0,0,0,497
TAS74,GLAMORGAN-SPRING BAY COUNCIL,6,TAS,0,0,4903,342,4358,367,178,4358,367,178,674000,214
VIC110,STRATHBOGIE SHIRE,2,VIC,279,3349,1083,0,2274,1953,484,3367,1327,17,1738000,124
VIC156,MOUNT BULLER ALPINE RESORT (UNINCORPORATED),2,VIC,0,0,834,0,834,0,0,834,0,0,0,497
VIC171,EAST GIPPSLAND SHIRE,2,VIC,2083,0,23183,334,22296,2760,210,22975,2291,0,2546000,88
VIC94,HEPBURN SHIRE,2,VIC,55,0,7431,0,7302,109,75,7353,133,0,262000,290
WA288,SHIRE OF CUBALLING,5,WA,0,0,607,0,606,1,0,605,2,0,1000,480
WA299,SHIRE OF NGAANYATJARRAKU,5,WA,0,0,0,0,0,0,0,0,0,0,0,497
WA354,SHIRE OF MUKINBUDIN,5,WA,0,0,247,0,245,2,0,244,1,2,1000,480
WA408,SHIRE OF GINGIN,5,WA,0,0,634,3527,511,103,20,511,103,20,220000,308
NT58,UN-INCORPORATED (ALYANGULA) AREA,7,NT,0,0,0,349,0,0,0,0,0,0,0,497
NT74,TIWI ISLANDS SHIRE,7,NT,0,0,0,1,0,0,0,0,0,0,0,497
QLD26,BURDEKIN SHIRE,3,QLD,8737,0,15,598,15,8737,0,8752,0,0,1327000,140
QLD27,BURKE SHIRE,3,QLD,0,0,0,375,0,0,0,0,0,0,243000,296
SA103,THE RURAL CITY OF MURRAY BRIDGE,4,SA,0,0,0,11009,0,0,0,0,0,0,180000,320
SA89,THE DC OF YANKALILLA,4,SA,0,0,0,4313,0,0,0,0,0,0,127000,347
TAS77,KING ISLAND COUNCIL,6,TAS,0,0,0,978,0,0,0,0,0,0,0,497
VIC123,GOLDEN PLAINS SHIRE,2,VIC,5,0,6168,0,6055,68,50,6083,63,27,165000,328
VIC126,GREATER GEELONG CITY,2,VIC,0,0,118478,0,114065,3113,1300,116316,731,1431,4375000,58
VIC165,BANYULE CITY,2,VIC,0,0,57862,0,57853,1,8,57854,3,5,38000,406
WA302,CITY OF BUNBURY,5,WA,8857,0,80,8886,4574,4309,54,4576,4307,54,3214000,76
WA331,SHIRE OF DUNDAS,5,WA,0,0,0,1190,0,0,0,0,0,0,1000,480
WA332,SHIRE OF WESTONIA,5,WA,0,0,537,0,528,9,0,527,2,8,4000,456
WA395,SHIRE OF BRUCE ROCK,5,WA,0,0,677,0,677,0,0,677,0,0,0,497
QLD40,CLONCURRY SHIRE,3,QLD,0,0,0,2523,0,0,0,0,0,0,1006000,176
SA100,MUNICIPAL COUNCIL OF ROXBY DOWNS,4,SA,0,0,0,2031,0,0,0,0,0,0,0,497
SA139,THE DC OF LOWER EYRE PENINSULA,4,SA,0,0,0,2438,0,0,0,0,0,0,10000,443
TAS66,CENTRAL COAST COUNCIL,6,TAS,0,0,9572,0,9017,163,392,9012,136,424,1070000,168
TAS69,CLARENCE CITY COUNCIL,6,TAS,112,0,27058,68,26164,763,243,26162,695,313,1979000,109
VIC101,MARIBYRNONG CITY,2,VIC,0,0,37814,0,36338,708,768,36573,371,870,3141000,78
VIC131,MORELAND CITY,2,VIC,0,0,77833,0,77714,94,25,77693,42,98,110000,351
WA329,SHIRE OF CORRIGIN,5,WA,0,0,556,0,554,2,0,554,0,2,2000,467
WA330,SHIRE OF COOLGARDIE,5,WA,0,0,0,1944,0,0,0,0,0,0,0,497
WA362,SHIRE OF BROOMEHILL-TAMBELLUP,5,WA,0,0,126,547,1,81,44,1,81,44,268000,287
NSW168,NARROMINE SHIRE COUNCIL,1,NSW,2251,0,39,757,322,1967,1,400,1890,0,1614000,132
NSW182,CLARENCE VALLEY COUNCIL,1,NSW,20741,0,2405,0,11425,2992,8729,20319,1297,1530,34276000,2
NSW257,QUEANBEYAN CITY COUNCIL,1,NSW,6601,0,13680,0,18719,861,701,19624,655,2,1034000,173
NSW297,HURSTVILLE CITY COUNCIL,1,NSW,2121,0,35732,0,37696,124,33,37817,36,0,145000,340
QLD104,MOUNT ISA CITY,3,QLD,0,0,0,9934,0,0,0,0,0,0,152000,337
QLD286,NORTH BURNETT REGIONAL,3,QLD,0,0,2289,2624,1166,379,744,1166,379,744,2169000,103
SA120,LIGHT REGIONAL COUNCIL,4,SA,0,0,0,4768,0,0,0,0,0,0,90000,363
SA125,THE DC OF MALLALA,4,SA,0,0,0,1784,0,0,0,0,0,0,328000,267
SA76,CITY OF MITCHAM,4,SA,6747,0,18801,4280,25447,72,29,25476,72,0,322000,269
SA84,THE CORPORATION OF THE CITY OF WHYALLA,4,SA,0,0,0,12322,0,0,0,0,0,0,4000,456
SA85,TOWN OF GAWLER,4,SA,0,0,0,10259,0,0,0,0,0,0,1113000,161
TAS80,MEANDER VALLEY COUNCIL,6,TAS,1812,0,6688,0,7070,893,537,7070,896,534,2090000,107
VIC127,CASEY CITY,2,VIC,0,0,110813,0,110264,422,127,110202,99,512,499000,234
VIC142,TOWONG SHIRE,2,VIC,75,0,2022,0,1982,113,2,2021,76,0,69000,375
VIC169,CENTRAL GOLDFIELDS SHIRE,2,VIC,879,0,5068,0,4690,1248,9,5037,910,0,721000,210
VIC96,HUME CITY,2,VIC,0,0,72530,0,72517,3,10,72519,1,10,51000,391
WA300,SHIRE OF LAVERTON,5,WA,0,0,0,396,0,0,0,0,0,0,0,497
WA322,SHIRE OF EXMOUTH,5,WA,0,0,0,1836,0,0,0,0,0,0,2000,467
WA369,TOWN OF EAST FREMANTLE,5,WA,0,3670,0,0,3668,2,0,3669,1,0,2000,467
WA373,CITY OF SUBIACO,5,WA,0,1238,8903,0,10141,0,0,10141,0,0,1000,480
WA396,SHIRE OF WICKEPIN,5,WA,0,0,303,0,303,0,0,303,0,0,0,497
QLD315,YARRABAH ABORIGINAL SHIRE,3,QLD,0,0,0,491,0,0,0,0,0,0,1000,480
QLD7,BANANA SHIRE,3,QLD,19,0,0,6080,0,19,0,0,19,0,1088000,164
SA102,CITY OF WEST TORRENS,4,SA,0,0,10415,21380,9283,736,396,9234,395,786,3547000,66
SA67,UIA RIVERLAND,4,SA,0,0,0,0,0,0,0,0,0,0,0,497
SA79,PORT AUGUSTA CITY COUNCIL,4,SA,0,0,0,7752,0,0,0,0,0,0,261000,292
TAS64,BREAK O'DAY COUNCIL,6,TAS,0,0,5031,0,4118,708,205,4118,708,205,896000,188
VIC115,YARRA CITY,2,VIC,0,0,40895,0,40879,7,9,40885,1,9,70000,374
VIC143,BULOKE SHIRE,2,VIC,670,0,795,1840,652,776,37,712,753,0,697000,212
VIC146,LODDON SHIRE,2,VIC,247,0,2644,0,1806,925,160,2116,775,0,616000,223
VIC152,HINDMARSH SHIRE,2,VIC,392,222,0,2141,279,113,222,280,334,0,443000,244
VIC88,FRANKSTON CITY,2,VIC,0,0,64243,0,60995,1769,1479,61275,1216,1752,4388000,57
VIC92,SOUTH GIPPSLAND SHIRE,2,VIC,103,0,13563,1,13411,245,10,13533,133,0,133000,343
WA333,SHIRE OF YILGARN,5,WA,0,0,1160,0,1159,0,1,1158,1,1,8000,447
WA359,SHIRE OF KATANNING,5,WA,0,0,0,1875,0,0,0,0,0,0,3000,463
WA390,SHIRE OF WILUNA,5,WA,0,0,0,538,0,0,0,0,0,0,0,497
WA397,SHIRE OF CHITTERING,5,WA,0,0,1743,0,1736,5,2,1736,0,7,10000,443
VIC129,YARRA RANGES SHIRE,2,VIC,0,0,60107,0,59890,136,81,59877,49,181,296000,278
VIC157,MOUNT HOTHAM ALPINE RESORT (UNINCORPORATED),2,VIC,0,0,677,0,677,0,0,677,0,0,0,497
VIC163,BALLARAT CITY,2,VIC,0,0,48149,0,47668,249,232,47661,180,308,851000,190
VIC166,NORTHERN GRAMPIANS SHIRE,2,VIC,308,0,5674,0,5584,397,1,5662,320,0,245000,295
WA286,SHIRE OF NAREMBEEN,5,WA,0,0,321,0,321,0,0,321,0,0,0,497
WA364,SHIRE OF HARVEY,5,WA,4620,0,867,5844,4929,465,93,4930,464,93,779000,199
WA381,SHIRE OF MERREDIN,5,WA,0,0,2072,0,1909,137,26,1890,47,135,93000,361
WA406,SHIRE OF MOUNT MARSHALL,5,WA,0,0,453,0,453,0,0,453,0,0,0,497
QLD63,GOLD COAST CITY,3,QLD,1429,0,50992,262938,45474,4833,2114,48057,3202,1162,17655000,17
SA108,ALEXANDRINA COUNCIL,4,SA,0,0,0,16019,0,0,0,0,0,0,1106000,163
SA119,KINGSTON DC,4,SA,0,0,1745,2,1603,96,46,1600,52,93,179000,321
TAS71,DORSET COUNCIL,6,TAS,0,0,3591,0,3292,193,106,3292,193,106,357000,260
VIC173,BASS COAST SHIRE,2,VIC,1,0,31053,7,31005,48,1,31041,12,1,12000,437
VIC176,MELTON CITY,2,VIC,0,0,47365,0,46635,550,180,46737,233,395,664000,217
WA311,CITY OF COCKBURN,5,WA,0,0,47272,72,44615,570,2087,45099,383,1790,22374000,12
WA312,CITY OF MELVILLE,5,WA,0,38603,9401,0,47906,44,54,47943,24,37,422000,249
WA315,SHIRE OF SERPENTINE-JARRAHDALE,5,WA,0,1133,9987,0,10981,99,40,10962,36,122,342000,264
WA347,SHIRE OF BOYUP BROOK,5,WA,0,0,80,474,59,17,4,59,17,4,63000,382
WA348,SHIRE OF KOJONUP,5,WA,0,0,51,875,29,19,3,29,19,3,35000,409
WA384,SHIRE OF MORAWA,5,WA,0,0,0,450,0,0,0,0,0,0,3000,463
WA393,SHIRE OF UPPER GASCOYNE,5,WA,0,0,0,53,0,0,0,0,0,0,2000,467
WA409,SHIRE OF DOWERIN,5,WA,0,0,382,0,382,0,0,382,0,0,0,497
WA422,SHIRE OF BROOME,5,WA,0,0,0,7422,0,0,0,0,0,0,498000,235
WA376,TOWN OF COTTESLOE,5,WA,0,1311,2951,0,4262,0,0,4262,0,0,0,497
WA383,SHIRE OF MENZIES,5,WA,0,0,0,982,0,0,0,0,0,0,0,497
WA394,SHIRE OF MOUNT MAGNET,5,WA,0,0,0,511,0,0,0,0,0,0,0,497
WA407,SHIRE OF WILLIAMS,5,WA,0,0,429,0,413,8,8,413,2,14,47000,396
NSW176,BOMBALA COUNCIL,1,NSW,1096,0,1126,0,1935,122,165,2049,92,81,814000,195
NSW217,PENRITH CITY COUNCIL,1,NSW,25366,0,47575,1626,62482,6736,3723,69373,1938,1630,12883000,23
NSW287,CANTERBURY CITY COUNCIL,1,NSW,0,0,48746,16010,48515,199,32,48703,43,0,1655000,130
NT56,CENTRAL DESERT SHIRE,7,NT,0,0,0,576,0,0,0,0,0,0,60000,384
SA130,NORTHERN AREAS COUNCIL,4,SA,0,0,2351,0,1890,265,196,1880,110,361,555000,228
SA78,CITY OF PORT ADELAIDE ENFIELD,4,SA,0,0,63637,87,62908,461,268,62825,189,623,1128000,160
TAS68,CIRCULAR HEAD COUNCIL,6,TAS,0,0,3211,0,3141,62,8,3135,50,26,61000,383
VIC103,MOIRA SHIRE,2,VIC,3420,7278,1576,0,8924,3135,215,10575,1539,160,1860000,117
VIC106,NILLUMBIK SHIRE,2,VIC,0,0,20482,0,20477,4,1,20479,2,1,10000,443
VIC111,SWAN HILL RURAL CITY,2,VIC,277,5598,853,1947,3181,3416,131,6312,380,36,1077000,166
VIC133,LATROBE CITY,2,VIC,5880,17025,12321,14,33029,1749,448,34286,715,225,1232000,148
VIC136,WHITEHORSE CITY,2,VIC,0,0,77580,0,77578,2,0,77577,2,1,1000,480
VIC144,MILDURA RURAL CITY,2,VIC,28,17989,0,4559,17515,486,16,17835,172,10,197000,314
VIC150,YARRIAMBIACK SHIRE,2,VIC,718,0,818,2229,904,592,40,1115,421,0,379000,252
WA361,SHIRE OF CRANBROOK,5,WA,0,0,11,567,11,0,0,11,0,0,2000,467
WA404,SHIRE OF CUE,5,WA,0,0,0,323,0,0,0,0,0,0,0,497
WA416,CITY OF FREMANTLE,5,WA,0,6187,10794,0,16961,19,1,16979,1,1,12000,437
WA420,SHIRE OF MANJIMUP,5,WA,0,0,173,3852,165,8,0,165,8,0,124000,348
